{"cluster_id": 7, "center_node": 393, "member_node_indices": [393, 396, 394, 398, 397, 390, 395, 386, 388, 427, 385, 391, 374, 389, 392, 384, 387, 366, 383, 380, 382, 434, 379, 381, 378, 428, 433, 488, 485, 377, 479, 399, 375, 495, 436, 360, 440, 490, 474, 480, 438, 487, 451, 478, 484, 492, 489, 477, 432, 491, 465, 457, 486, 430, 368, 481, 437, 441, 376, 482, 470, 494, 498], "size": 63, "service_minutes": 94.5, "route_minutes": 10.56909505885207, "total_minutes": 105.06909505885207}