{"cluster_id": 4, "center_node": 459, "member_node_indices": [459, 464, 462, 471, 460, 463, 472, 467, 468, 466, 473, 469, 13, 455, 475, 454, 429, 476, 446, 431, 452, 450, 445, 453, 444, 435, 456, 447, 461, 448, 443, 458, 442, 144, 418, 196, 51, 52, 104, 101, 96, 103, 97, 53, 14, 138, 106, 105, 110, 108, 117, 113, 119, 114, 121, 54, 123, 55, 56, 15, 270, 256, 57], "size": 63, "service_minutes": 94.5, "route_minutes": 25.460612624016417, "total_minutes": 119.96061262401642}