{"cluster_id": 5, "center_node": 412, "member_node_indices": [412, 189, 194, 414, 410, 190, 191, 416, 192, 411, 402, 409, 408, 404, 403, 407, 413, 406, 181, 187, 180, 183, 182, 83, 185, 80, 184, 85, 82, 405, 179, 415, 193, 188, 84, 186, 86, 79, 81, 401, 400, 178, 78, 76, 58, 230, 238, 241, 232, 240, 224, 250, 228, 244, 252, 208, 255, 261, 251, 210, 246, 253, 239], "size": 63, "service_minutes": 94.5, "route_minutes": 43.57367765075462, "total_minutes": 138.07367765075463}