{"cluster_id": 3, "center_node": 165, "member_node_indices": [165, 174, 171, 152, 162, 168, 167, 166, 169, 153, 163, 154, 131, 111, 157, 136, 158, 151, 146, 99, 122, 160, 150, 155, 204, 147, 206, 145, 176, 175, 211, 133, 212, 116, 128, 214, 217, 148, 102, 143, 263, 264, 262, 271, 215, 268, 218, 267, 220, 225, 275, 273, 229, 222, 227, 221, 226, 344, 259, 237, 234, 235, 243], "size": 63, "service_minutes": 94.5, "route_minutes": 28.308470684199605, "total_minutes": 122.8084706841996}