{"cluster_id": 0, "center_node": 308, "member_node_indices": [308, 363, 323, 319, 349, 345, 361, 367, 1, 356, 354, 439, 359, 365, 362, 45, 370, 493, 49, 373, 369, 496, 371, 449, 353, 48, 358, 372, 352, 6, 483, 357, 497, 342, 332, 364, 499, 355, 347, 338, 351, 329, 423, 47, 197, 420, 421, 417, 325, 335, 195, 321, 422, 199, 198, 306, 46, 69, 68, 5, 419, 300, 70], "size": 63, "service_minutes": 94.5, "route_minutes": 19.719859459097954, "total_minutes": 114.21985945909796}