{"cluster_id": 1, "center_node": 331, "member_node_indices": [331, 315, 330, 326, 320, 334, 328, 333, 322, 327, 324, 317, 318, 310, 307, 314, 303, 305, 312, 301, 337, 311, 299, 309, 295, 297, 339, 302, 298, 336, 340, 279, 341, 291, 294, 296, 288, 282, 285, 286, 278, 292, 290, 293, 283, 287, 281, 313, 260, 316, 269, 231, 272, 274, 216, 276, 280, 277, 346, 348, 73, 343, 350], "size": 63, "service_minutes": 94.5, "route_minutes": 33.73908238620247, "total_minutes": 128.23908238620248}