{"cluster_id": 6, "center_node": 126, "member_node_indices": [126, 129, 124, 130, 120, 36, 35, 31, 132, 32, 34, 30, 134, 118, 115, 29, 33, 112, 37, 140, 137, 139, 135, 142, 127, 289, 284, 254, 125, 109, 149, 107, 156, 161, 170, 141, 159, 258, 265, 173, 242, 172, 249, 233, 213, 248, 2, 4, 0, 424, 8, 200, 425, 87, 257, 245, 247, 304, 72], "size": 59, "service_minutes": 88.5, "route_minutes": 59.195865577195065, "total_minutes": 147.69586557719506}