{"cluster_id": 2, "center_node": 21, "member_node_indices": [21, 26, 203, 25, 43, 44, 42, 11, 19, 17, 40, 39, 23, 22, 41, 27, 219, 18, 20, 98, 88, 94, 93, 90, 16, 24, 95, 201, 202, 426, 12, 77, 10, 28, 3, 64, 91, 71, 236, 92, 266, 50, 205, 38, 89, 67, 9, 59, 65, 207, 100, 164, 66, 75, 60, 177, 209, 223, 62, 63, 61, 74, 7], "size": 63, "service_minutes": 94.5, "route_minutes": 33.85124096006264, "total_minutes": 128.35124096006263}